date,draw_no,n1,n2,n3,n4,n5,n6,additional
2014-10-02,2993,1,6,26,40,41,45,10
2014-10-06,2994,5,12,13,25,33,34,45
2014-10-09,2995,11,12,25,28,34,47,15
2014-10-13,2996,19,28,31,43,45,48,41
2014-10-16,2997,4,9,31,34,40,44,35
2014-10-20,2998,8,11,17,21,41,49,35
2014-10-23,2999,5,22,25,28,33,34,32
2014-10-27,3000,5,20,27,38,42,44,41
2014-10-30,3001,12,19,26,42,45,46,23
2014-11-03,3002,31,32,38,39,40,47,7
2014-11-06,3003,2,22,24,38,46,47,9
2014-11-10,3004,2,16,19,29,33,42,34
2014-11-13,3005,9,15,17,23,27,49,3
2014-11-17,3006,2,10,11,15,40,46,8
2014-11-20,3007,2,3,5,19,25,36,16
2014-11-24,3008,4,6,14,20,36,43,35
2014-11-27,3009,5,9,18,28,44,49,24
2014-12-01,3010,1,6,7,23,30,45,16
2014-12-04,3011,10,17,24,31,37,40,35
2014-12-08,3012,17,21,28,29,39,47,46
2014-12-11,3013,19,26,33,37,38,40,12
2014-12-15,3014,5,12,16,22,26,46,23
2014-12-18,3015,9,11,13,21,27,30,42
2014-12-22,3016,5,10,19,32,38,44,12
2014-12-25,3017,1,5,15,24,25,42,46
2014-12-29,3018,1,4,27,42,44,47,18
2015-01-01,3019,1,4,18,31,48,49,21
2015-01-05,3020,1,22,27,34,35,37,20
2015-01-08,3021,5,7,9,15,34,38,21
2015-01-12,3022,25,32,41,43,47,48,7
2015-01-15,3023,2,3,9,16,33,37,46
2015-01-19,3024,21,24,25,31,33,36,13
2015-01-22,3025,5,12,26,31,40,47,25
2015-01-26,3026,6,23,24,30,36,46,31
2015-01-29,3027,6,15,38,40,45,49,27
2015-02-02,3028,8,18,20,29,39,41,38
2015-02-05,3029,8,10,25,31,45,48,2
2015-02-09,3030,4,15,22,31,32,36,6
2015-02-12,3031,12,13,26,32,42,47,39
2015-02-16,3032,19,22,33,36,37,46,8
2015-02-19,3033,2,17,22,36,37,45,23
2015-02-23,3034,1,5,14,18,24,26,29
2015-02-27,3035,2,13,19,28,41,42,14
2015-03-02,3036,7,12,24,27,35,44,20
2015-03-05,3037,5,10,11,38,44,47,20
2015-03-09,3038,9,11,38,39,44,47,3
2015-03-12,3039,14,15,19,20,36,47,10
2015-03-16,3040,7,10,19,41,43,45,31
2015-03-19,3041,3,15,26,29,38,45,49
2015-03-23,3042,1,5,14,23,40,49,33
2015-03-26,3043,5,21,30,33,39,47,43
2015-03-30,3044,11,12,30,38,45,47,6
2015-04-02,3045,11,19,22,29,42,46,2
2015-04-06,3046,3,18,21,42,45,49,25
2015-04-09,3047,6,12,21,24,25,43,29
2015-04-13,3048,6,13,31,32,40,43,3
2015-04-16,3049,3,4,18,32,35,48,6
2015-04-20,3050,9,16,17,25,27,36,7
2015-04-23,3051,1,9,15,28,42,45,40
2015-04-27,3052,2,14,30,31,46,47,12
2015-04-30,3053,18,19,28,37,46,48,4
2015-05-04,3054,6,11,17,22,25,36,42
2015-05-07,3055,8,10,17,24,32,43,26
2015-05-11,3056,3,6,7,20,21,23,33
2015-05-14,3057,8,17,19,45,47,48,14
2015-05-18,3058,17,23,32,33,41,45,15
2015-05-21,3059,6,20,22,35,36,41,8
2015-05-25,3060,13,17,19,24,26,43,25
2015-05-28,3061,5,13,20,26,31,38,6
2015-06-01,3062,5,9,14,29,32,36,28
2015-06-04,3063,3,6,8,14,18,41,31
2015-06-08,3064,20,31,35,38,42,49,46
2015-06-11,3065,7,11,13,16,38,46,41
2015-06-15,3066,9,21,26,27,29,48,20
2015-06-18,3067,5,20,28,35,39,46,15
2015-06-22,3068,3,18,22,33,47,49,9
2015-06-25,3069,14,29,36,38,39,41,20
2015-06-29,3070,2,14,15,26,29,31,8
2015-07-02,3071,7,12,13,21,30,32,5
2015-07-06,3072,1,6,9,18,21,35,26
2015-07-09,3073,5,24,33,38,42,44,49
2015-07-13,3074,31,33,34,35,37,42,6
2015-07-16,3075,2,10,30,32,42,48,19
2015-07-20,3076,3,17,25,28,34,46,27
2015-07-23,3077,4,13,18,24,34,37,48
2015-07-27,3078,6,9,40,42,43,46,37
2015-07-30,3079,2,10,13,21,25,49,7
2015-08-03,3080,18,21,23,25,26,41,40
2015-08-06,3081,11,15,20,33,38,40,8
2015-08-10,3082,6,7,8,12,37,45,1
2015-08-13,3083,8,10,12,34,38,48,19
2015-08-17,3084,2,6,20,21,27,36,31
2015-08-20,3085,3,14,19,33,38,41,22
2015-08-24,3086,5,7,8,23,29,33,42
2015-08-27,3087,13,16,19,23,25,48,11
2015-08-31,3088,5,8,9,12,18,48,24
2015-09-03,3089,1,9,10,23,24,32,5
2015-09-07,3090,1,3,12,15,26,31,16
2015-09-10,3091,27,33,38,39,41,47,35
2015-09-14,3092,3,13,14,19,25,31,47
2015-09-17,3093,5,8,20,30,35,49,12
2015-09-21,3094,8,9,10,19,28,33,24
2015-09-24,3095,8,16,25,29,31,40,11
2015-09-28,3096,12,32,35,40,41,47,25
2015-10-01,3097,3,6,15,27,36,41,49
2015-10-05,3098,1,4,7,20,26,28,18
2015-10-08,3099,6,8,15,20,25,45,22
2015-10-12,3100,6,11,17,28,41,48,19
2015-10-15,3101,7,14,23,25,28,33,31
2015-10-19,3102,10,13,27,36,39,45,47
2015-10-22,3103,5,16,22,29,48,49,27
2015-10-26,3104,1,5,22,28,48,49,8
2015-10-29,3105,7,9,18,26,36,46,43
2015-11-02,3106,1,10,18,27,35,48,30
2015-11-05,3107,2,26,27,28,37,47,17
2015-11-09,3108,3,17,36,40,48,49,12
2015-11-12,3109,8,10,11,12,33,41,1
2015-11-16,3110,3,5,18,41,46,48,40
2015-11-19,3111,1,14,19,37,40,47,9
2015-11-23,3112,5,31,36,39,44,46,43
2015-11-26,3113,2,24,34,43,44,46,28
2015-11-30,3114,11,31,35,37,44,46,42
2015-12-03,3115,17,20,34,37,43,48,32
2015-12-07,3116,5,24,26,36,44,49,19
2015-12-10,3117,4,8,11,39,44,46,29
2015-12-14,3118,6,21,25,29,33,40,31
2015-12-17,3119,2,12,17,19,20,33,27
2015-12-21,3120,11,14,18,22,35,43,28
2015-12-24,3121,10,20,21,27,33,46,37
2015-12-28,3122,7,15,16,17,35,47,41
2015-12-31,3123,9,21,23,35,38,41,36
2016-01-04,3124,3,9,18,28,31,46,32
2016-01-07,3125,3,5,6,20,21,45,33
2016-01-11,3126,13,20,22,29,36,37,33
2016-01-14,3127,1,2,4,7,28,41,18
2016-01-18,3128,4,11,40,43,48,49,17
2016-01-21,3129,2,11,23,24,33,44,28
2016-01-25,3130,16,17,19,35,40,48,37
2016-01-28,3131,4,20,22,40,41,48,21
2016-02-01,3132,9,10,11,22,23,32,6
2016-02-04,3133,2,21,26,34,39,49,3
2016-02-08,3134,13,14,16,21,24,42,7
2016-02-11,3135,7,8,17,39,46,49,13
2016-02-15,3136,3,5,29,40,43,49,21
2016-02-19,3137,16,18,20,21,27,49,23
2016-02-22,3138,10,18,22,37,39,40,46
2016-02-25,3139,7,14,17,23,35,49,31
2016-02-29,3140,8,11,15,17,28,47,18
2016-03-03,3141,6,14,24,33,38,41,25
2016-03-07,3142,9,18,30,33,45,47,25
2016-03-10,3143,25,29,32,33,34,49,13
2016-03-14,3144,8,10,24,29,31,33,4
2016-03-17,3145,2,3,20,21,30,33,12
2016-03-21,3146,8,12,20,39,43,47,9
2016-03-24,3147,4,9,28,35,38,44,36
2016-03-28,3148,8,9,15,28,36,39,33
2016-03-31,3149,20,21,22,31,39,46,32
2016-04-04,3150,10,15,22,28,34,38,12
2016-04-07,3151,1,7,30,32,38,46,23
2016-04-11,3152,9,13,16,18,48,49,42
2016-04-14,3153,3,4,19,26,28,34,30
2016-04-18,3154,11,14,21,28,30,39,49
2016-04-21,3155,13,14,19,32,33,48,42
2016-04-25,3156,1,3,4,22,37,41,31
2016-04-28,3157,3,20,26,31,34,40,30
2016-05-02,3158,6,7,8,9,14,19,48
2016-05-05,3159,9,20,23,46,48,49,42
2016-05-09,3160,1,12,26,29,39,49,42
2016-05-12,3161,1,4,23,40,46,48,34
2016-05-16,3162,1,10,24,26,36,47,4
2016-05-19,3163,2,17,19,23,32,49,33
2016-05-23,3164,7,12,20,24,30,31,43
2016-05-26,3165,7,15,19,31,32,40,47
2016-05-30,3166,8,12,24,33,35,39,22
2016-06-02,3167,1,15,23,25,33,42,44
2016-06-06,3168,2,7,12,19,29,36,20
2016-06-09,3169,12,21,27,28,35,43,47
2016-06-13,3170,6,18,22,24,26,30,36
2016-06-16,3171,5,11,30,36,44,46,16
2016-06-20,3172,4,6,14,18,19,35,42
2016-06-23,3173,1,3,5,8,20,44,22
2016-06-27,3174,1,12,13,14,38,40,34
2016-06-30,3175,11,12,15,16,21,32,47
2016-07-04,3176,11,18,26,27,34,46,22
2016-07-07,3177,4,6,13,15,21,30,49
2016-07-11,3178,7,21,22,30,35,39,19
2016-07-14,3179,2,11,14,16,31,44,19
2016-07-18,3180,8,11,22,35,36,46,43
2016-07-21,3181,2,14,18,27,31,44,26
2016-07-25,3182,6,26,38,40,44,49,16
2016-07-28,3183,4,6,8,15,29,36,9
2016-08-01,3184,6,14,24,36,37,39,27
2016-08-04,3185,1,8,29,31,37,42,23
2016-08-08,3186,4,9,23,26,34,44,21
2016-08-11,3187,13,22,30,32,45,46,29
2016-08-15,3188,3,16,18,31,35,38,29
2016-08-18,3189,2,10,11,21,26,36,18
2016-08-22,3190,1,10,35,36,41,49,48
2016-08-25,3191,5,6,11,25,35,40,44
2016-08-29,3192,11,19,23,32,48,49,34
2016-09-01,3193,3,4,12,15,28,48,8
2016-09-05,3194,3,9,14,21,32,40,7
2016-09-08,3195,4,6,11,13,26,31,17
2016-09-12,3196,3,10,18,22,48,49,41
2016-09-15,3197,2,20,21,25,27,38,28
2016-09-19,3198,14,17,26,31,41,45,30
2016-09-22,3199,8,11,28,34,40,46,48
2016-09-26,3200,6,9,15,27,37,48,24
2016-09-29,3201,1,3,4,24,34,48,29
2016-10-03,3202,6,9,14,27,28,46,2
2016-10-06,3203,6,13,19,25,26,39,35
2016-10-10,3204,3,18,24,30,35,49,44
2016-10-13,3205,16,20,31,32,40,41,13
2016-10-17,3206,3,7,9,27,39,44,48
2016-10-20,3207,5,14,20,23,36,49,30
2016-10-24,3208,2,15,18,24,34,35,48
2016-10-27,3209,3,5,8,21,40,46,30
2016-10-31,3210,14,19,24,32,36,42,35
2016-11-03,3211,1,11,19,26,35,39,14
2016-11-07,3212,1,13,21,41,48,49,22
2016-11-10,3213,17,22,26,34,41,47,42
2016-11-14,3214,8,10,15,31,38,40,19
2016-11-17,3215,1,21,31,36,39,43,38
2016-11-21,3216,4,21,25,40,47,48,49
2016-11-24,3217,2,3,17,19,22,40,20
2016-11-28,3218,2,4,15,24,37,48,6
2016-12-01,3219,3,4,8,19,24,46,12
2016-12-05,3220,5,9,11,19,24,37,36
2016-12-08,3221,6,8,11,24,37,46,23
2016-12-12,3222,2,14,31,36,43,46,39
2016-12-15,3223,4,18,24,39,46,47,10
2016-12-19,3224,10,11,24,27,36,49,43
2016-12-22,3225,3,28,37,38,44,47,46
2016-12-26,3226,8,10,18,25,28,46,23
2016-12-29,3227,2,4,34,36,42,46,15
2017-01-02,3228,1,18,22,35,38,49,30
2017-01-05,3229,7,15,20,33,39,44,43
2017-01-09,3230,8,29,33,34,42,49,21
2017-01-12,3231,3,6,12,25,40,43,42
2017-01-16,3232,2,7,17,21,35,42,16
2017-01-19,3233,5,8,16,44,48,49,32
2017-01-23,3234,5,14,23,28,45,49,39
2017-01-26,3235,8,12,16,19,22,46,6
2017-01-30,3236,21,22,25,27,32,39,6
2017-02-02,3237,11,20,21,29,37,48,23
2017-02-06,3238,9,14,17,25,30,36,44
2017-02-10,3239,2,7,24,27,29,34,21
2017-02-13,3240,7,10,19,23,24,33,3
2017-02-16,3241,8,17,31,43,44,48,46
2017-02-20,3242,2,6,13,17,23,46,3
2017-02-23,3243,7,8,9,28,41,42,29
2017-02-27,3244,22,25,27,29,35,49,31
2017-03-02,3245,8,14,20,35,36,41,38
2017-03-06,3246,16,22,28,36,39,47,3
2017-03-09,3247,2,6,9,17,26,46,13
2017-03-13,3248,6,28,30,35,39,42,33
2017-03-16,3249,2,9,15,19,20,37,29
2017-03-20,3250,6,20,30,41,42,45,35
2017-03-23,3251,5,13,18,25,28,44,16
2017-03-27,3252,1,27,28,40,41,44,36
2017-03-30,3253,28,34,38,39,42,46,24
2017-04-03,3254,1,28,30,32,40,48,31
2017-04-06,3255,10,12,20,27,43,46,26
2017-04-10,3256,13,19,20,23,29,31,48
2017-04-13,3257,7,9,16,27,32,47,36
2017-04-17,3258,12,17,25,28,36,44,3
2017-04-20,3259,2,12,25,28,37,38,22
2017-04-24,3260,2,8,22,31,32,35,36
2017-04-27,3261,4,7,15,31,32,43,37
2017-05-01,3262,8,17,24,29,32,45,14
2017-05-04,3263,4,13,14,36,41,43,45
2017-05-08,3264,5,21,29,30,38,45,1
2017-05-11,3265,8,9,12,18,27,45,13
2017-05-15,3266,8,14,16,23,24,27,5
2017-05-18,3267,4,23,43,44,46,48,16
2017-05-22,3268,21,24,31,34,37,44,45
2017-05-25,3269,3,8,11,32,44,46,12
2017-05-29,3270,13,15,16,27,36,47,24
2017-06-01,3271,9,15,17,22,44,46,2
2017-06-05,3272,15,21,23,24,39,40,18
2017-06-08,3273,5,7,22,25,34,40,1
2017-06-12,3274,9,10,19,21,23,43,15
2017-06-15,3275,20,21,23,37,39,47,31
2017-06-19,3276,1,23,30,34,40,42,14
2017-06-22,3277,4,5,12,20,47,49,25
2017-06-26,3278,14,20,21,23,25,37,15
2017-06-29,3279,2,9,13,16,29,40,46
2017-07-03,3280,5,7,9,27,31,34,40
2017-07-06,3281,2,4,7,26,40,47,35
2017-07-10,3282,11,16,31,35,46,48,41
2017-07-13,3283,24,30,33,34,47,49,12
2017-07-17,3284,9,11,16,20,27,46,39
2017-07-20,3285,8,11,35,39,41,43,13
2017-07-24,3286,2,22,23,32,35,41,7
2017-07-27,3287,14,20,24,33,37,41,18
2017-07-31,3288,11,13,14,16,30,43,47
2017-08-03,3289,14,19,22,27,32,36,40
2017-08-07,3290,5,17,34,40,42,46,22
2017-08-10,3291,1,31,39,45,46,49,34
2017-08-14,3292,2,8,17,22,39,46,6
2017-08-17,3293,11,15,29,39,41,47,25
2017-08-21,3294,4,7,12,18,42,47,41
2017-08-24,3295,11,17,26,30,32,39,33
2017-08-28,3296,1,21,29,35,39,46,8
2017-08-31,3297,3,36,39,40,44,47,14
2017-09-04,3298,10,11,22,36,38,46,13
2017-09-07,3299,13,19,20,21,32,49,27
2017-09-11,3300,7,14,17,18,44,48,2
2017-09-14,3301,12,15,29,36,40,45,16
2017-09-18,3302,3,15,22,24,32,43,35
2017-09-21,3303,9,14,15,28,35,37,2
2017-09-25,3304,7,18,26,34,41,48,8
2017-09-28,3305,11,12,26,27,29,33,10
2017-10-02,3306,2,8,17,18,23,42,1
2017-10-05,3307,9,19,23,36,40,44,20
2017-10-09,3308,6,14,17,40,43,49,48
2017-10-12,3309,6,14,17,21,22,37,15
2017-10-16,3310,6,11,12,34,36,49,3
2017-10-19,3311,2,4,15,20,26,28,24
2017-10-23,3312,2,9,23,35,38,48,20
2017-10-26,3313,3,10,25,32,36,37,6
2017-10-30,3314,8,20,30,43,46,48,18
2017-11-02,3315,7,17,18,30,32,47,39
2017-11-06,3316,2,8,11,15,19,32,47
2017-11-09,3317,22,31,33,41,44,47,24
2017-11-13,3318,3,19,21,35,37,44,26
2017-11-16,3319,11,13,16,27,34,48,30
2017-11-20,3320,9,11,13,18,20,34,27
2017-11-23,3321,11,14,41,46,47,49,48
2017-11-27,3322,7,8,23,30,42,48,38
2017-11-30,3323,17,22,29,36,38,47,46
2017-12-04,3324,4,5,19,38,39,40,26
2017-12-07,3325,9,10,25,37,45,46,40
2017-12-11,3326,5,12,37,39,42,43,15
2017-12-14,3327,1,9,13,33,41,48,21
2017-12-18,3328,2,6,10,19,31,35,34
2017-12-21,3329,1,2,26,27,35,43,23
2017-12-25,3330,6,7,14,17,19,29,46
2017-12-28,3331,1,3,5,16,27,40,26
2018-01-01,3332,3,9,16,34,45,46,49
2018-01-05,3333,3,4,13,19,23,47,5
2018-01-08,3334,6,10,18,36,44,45,46
2018-01-11,3335,22,24,25,40,45,49,3
2018-01-15,3336,1,2,6,28,29,49,17
2018-01-18,3337,2,6,12,17,26,40,44
2018-01-22,3338,1,2,15,29,32,49,11
2018-01-25,3339,1,15,23,25,34,47,2
2018-01-29,3340,7,14,25,32,44,48,19
2018-02-01,3341,4,15,20,22,29,32,8
2018-02-05,3342,25,33,38,40,42,48,27
2018-02-09,3343,8,15,16,23,40,49,18
2018-02-12,3344,12,14,19,23,37,41,3
2018-02-15,3345,16,18,30,31,36,41,1
2018-02-19,3346,10,21,29,34,37,43,28
2018-02-22,3347,4,12,13,15,35,46,21
2018-02-26,3348,4,9,13,15,40,44,48
2018-03-02,3349,24,28,31,37,40,49,29
2018-03-05,3350,6,15,16,30,32,39,19
2018-03-08,3351,2,10,14,24,28,40,21
2018-03-12,3352,9,12,15,16,29,44,2
2018-03-15,3353,9,16,23,25,34,40,47
2018-03-19,3354,3,18,31,39,43,46,29
2018-03-22,3355,5,6,13,21,27,47,42
2018-03-26,3356,6,13,14,27,32,36,29
2018-03-29,3357,11,15,17,21,27,33,10
2018-04-02,3358,3,12,30,39,43,48,20
2018-04-05,3359,3,5,21,30,32,40,34
2018-04-09,3360,18,36,40,41,43,49,28
2018-04-12,3361,1,7,15,27,32,38,45
2018-04-16,3362,14,22,25,27,28,29,1
2018-04-19,3363,18,22,32,35,36,44,38
2018-04-23,3364,1,30,32,36,37,41,16
2018-04-26,3365,5,14,17,25,28,46,39
2018-04-30,3366,7,13,18,21,32,35,14
2018-05-03,3367,14,23,28,30,32,48,8
2018-05-07,3368,2,7,12,15,23,44,34
2018-05-10,3369,4,14,35,38,45,47,13
2018-05-14,3370,17,24,29,45,46,49,5
2018-05-17,3371,7,21,25,29,35,37,13
2018-05-21,3372,8,10,16,30,37,44,17
2018-05-24,3373,11,25,26,34,36,42,16
2018-05-28,3374,5,9,27,28,30,44,2
2018-05-31,3375,11,13,24,26,47,49,33
2018-06-04,3376,20,22,31,37,43,45,27
2018-06-07,3377,12,20,29,31,37,39,42
2018-06-11,3378,16,25,30,37,44,49,34
2018-06-14,3379,4,29,31,35,42,48,1
2018-06-18,3380,11,15,22,23,26,43,25
2018-06-21,3381,4,6,15,24,30,35,46
2018-06-25,3382,2,5,25,38,44,48,9
2018-06-28,3383,2,7,22,27,40,47,48
2018-07-02,3384,12,13,26,33,35,38,23
2018-07-05,3385,8,11,28,30,32,34,39
2018-07-09,3386,6,23,31,38,39,43,33
2018-07-12,3387,4,15,25,32,40,41,10
2018-07-16,3388,4,8,19,24,32,47,22
2018-07-19,3389,13,14,23,35,37,46,45
2018-07-23,3390,2,23,26,28,39,40,12
2018-07-26,3391,1,9,13,17,28,40,37
2018-07-30,3392,8,10,19,20,41,43,7
2018-08-02,3393,1,10,15,27,41,46,35
2018-08-06,3394,7,18,20,27,36,40,15
2018-08-09,3395,13,16,20,23,39,42,28
2018-08-13,3396,1,3,6,16,22,36,17
2018-08-16,3397,22,23,25,32,33,36,20
2018-08-20,3398,9,10,25,38,40,42,2
2018-08-23,3399,2,3,23,30,39,41,19
2018-08-27,3400,5,6,16,24,26,29,38
2018-08-30,3401,3,9,27,29,31,40,46
2018-09-03,3402,4,5,13,18,39,40,3
2018-09-06,3403,2,15,17,20,23,30,45
2018-09-10,3404,2,6,9,15,40,43,18
2018-09-13,3405,6,16,17,40,44,48,34
2018-09-17,3406,16,21,22,24,25,27,1
2018-09-20,3407,5,12,18,30,32,38,22
2018-09-24,3408,6,8,17,24,29,47,34
2018-09-27,3409,2,25,29,33,42,45,20
2018-10-01,3410,11,15,23,24,32,40,43
2018-10-04,3411,5,12,23,32,37,42,43
2018-10-08,3412,17,18,23,39,43,49,2
2018-10-11,3413,1,16,18,24,29,46,35
2018-10-15,3414,1,4,24,32,35,48,20
2018-10-18,3415,5,14,17,31,46,48,47
2018-10-22,3416,5,22,24,40,43,48,2
2018-10-25,3417,7,8,13,15,35,48,30
2018-10-29,3418,2,6,10,20,28,31,30
2018-11-01,3419,6,27,28,41,44,48,15
2018-11-05,3420,3,8,14,28,43,49,26
2018-11-08,3421,8,13,16,26,28,38,46
2018-11-12,3422,4,12,21,34,41,47,33
2018-11-15,3423,21,25,27,36,39,44,18
2018-11-19,3424,2,9,14,36,46,48,5
2018-11-22,3425,11,17,20,21,27,30,33
2018-11-26,3426,16,22,28,31,38,46,33
2018-11-29,3427,4,11,19,25,40,44,1
2018-12-03,3428,5,6,7,29,37,38,23
2018-12-06,3429,5,9,16,18,23,47,19
2018-12-10,3430,4,10,14,26,39,44,48
2018-12-13,3431,3,11,18,23,38,47,7
2018-12-17,3432,15,16,30,32,44,48,46
2018-12-20,3433,7,12,15,30,33,39,48
2018-12-24,3434,3,5,12,17,29,39,31
2018-12-27,3435,9,19,20,30,35,46,23
2018-12-31,3436,8,13,18,28,43,49,6
2019-01-03,3437,12,22,26,37,40,47,33
2019-01-07,3438,1,2,36,39,41,42,37
2019-01-11,3439,1,2,13,18,41,47,46
2019-01-14,3440,10,13,21,27,34,40,41
2019-01-17,3441,5,10,22,30,42,48,13
2019-01-21,3442,7,38,40,45,46,47,21
2019-01-24,3443,3,4,18,32,41,44,34
2019-01-28,3444,6,11,19,33,35,38,45
2019-02-01,3445,5,11,16,17,22,27,10
2019-02-04,3446,6,15,21,30,46,47,34
2019-02-07,3447,5,7,9,11,35,49,31
2019-02-11,3448,9,10,15,33,39,40,41
2019-02-14,3449,2,10,12,20,24,32,31
2019-02-18,3450,25,26,29,31,46,49,21
2019-02-22,3451,5,8,14,16,34,39,23
2019-02-25,3452,9,12,27,28,38,44,10
2019-02-28,3453,20,24,27,39,43,48,8
2019-03-04,3454,1,6,7,16,39,40,12
2019-03-07,3455,1,2,13,29,41,43,34
2019-03-11,3456,6,23,26,27,34,49,32
2019-03-14,3457,2,4,17,21,25,46,44
2019-03-18,3458,2,5,8,17,43,47,25
2019-03-21,3459,2,5,12,13,15,31,36
2019-03-25,3460,6,13,23,26,34,37,15
2019-03-28,3461,2,15,20,26,29,44,43
2019-04-01,3462,7,12,22,30,31,36,2
2019-04-04,3463,4,17,20,21,33,39,27
2019-04-08,3464,9,19,20,24,28,49,36
2019-04-11,3465,5,12,13,17,29,47,4
2019-04-15,3466,8,19,25,34,35,47,30
2019-04-18,3467,6,15,28,33,45,47,43
2019-04-22,3468,12,13,19,23,24,44,14
2019-04-25,3469,1,7,14,15,32,38,39
2019-04-29,3470,4,10,26,31,39,48,19
2019-05-02,3471,10,15,24,35,42,47,11
2019-05-06,3472,5,6,13,26,32,41,18
2019-05-09,3473,5,10,11,18,26,49,4
2019-05-13,3474,2,3,19,21,23,31,1
2019-05-16,3475,5,7,9,15,38,45,29
2019-05-20,3476,7,18,24,46,47,48,10
2019-05-23,3477,12,20,22,31,32,46,38
2019-05-27,3478,5,9,17,21,22,32,34
2019-05-30,3479,4,12,21,30,31,44,3
2019-06-03,3480,3,4,12,19,27,30,31
2019-06-06,3481,21,24,28,31,32,38,4
2019-06-10,3482,10,11,15,17,19,46,4
2019-06-13,3483,1,3,10,14,22,39,24
2019-06-17,3484,6,20,29,36,40,43,10
2019-06-20,3485,8,19,25,26,29,34,7
2019-06-24,3486,8,17,25,32,41,48,21
2019-06-27,3487,1,4,25,36,41,47,26
2019-07-01,3488,5,7,27,30,38,48,15
2019-07-04,3489,7,9,21,34,36,45,27
2019-07-08,3490,9,11,22,23,24,29,49
2019-07-11,3491,6,12,28,43,45,47,16
2019-07-15,3492,4,15,30,35,36,43,24
2019-07-18,3493,14,20,25,28,31,42,9
2019-07-22,3494,7,23,30,34,43,47,2
2019-07-25,3495,4,5,29,30,31,33,41
2019-07-29,3496,4,10,24,32,37,44,31
2019-08-01,3497,3,8,22,30,31,48,42
2019-08-05,3498,4,15,16,20,21,26,18
2019-08-08,3499,1,4,5,22,27,34,41
2019-08-12,3500,33,34,36,37,44,49,16
2019-08-15,3501,3,11,27,29,40,42,1
2019-08-19,3502,2,6,19,20,26,45,30
2019-08-22,3503,1,14,25,28,29,38,31
2019-08-26,3504,7,18,23,40,44,48,35
2019-08-29,3505,6,22,33,40,45,47,49
2019-09-02,3506,1,5,18,20,33,44,48
2019-09-05,3507,17,18,27,42,47,48,37
2019-09-09,3508,10,19,25,36,44,49,27
2019-09-12,3509,7,10,30,33,44,45,46
2019-09-16,3510,9,17,29,32,36,40,30
2019-09-19,3511,14,22,24,31,45,47,29
2019-09-23,3512,9,10,25,29,41,44,43
2019-09-26,3513,9,19,30,34,35,46,49
2019-09-30,3514,10,13,16,38,42,47,11
2019-10-03,3515,1,12,24,45,46,48,29
2019-10-07,3516,12,13,26,36,41,46,5
2019-10-10,3517,4,18,26,32,34,45,33
2019-10-14,3518,4,5,14,25,26,45,29
2019-10-17,3519,2,35,37,42,43,47,44
2019-10-21,3520,5,13,28,38,47,48,40
2019-10-24,3521,14,24,25,29,43,44,7
2019-10-28,3522,5,19,20,27,34,36,24
2019-10-31,3523,13,30,33,36,44,47,14
2019-11-04,3524,3,8,9,38,41,44,34
2019-11-07,3525,5,26,28,30,34,46,42
2019-11-11,3526,3,20,29,30,39,41,6
2019-11-14,3527,2,9,16,21,36,49,31
2019-11-18,3528,1,16,17,20,21,30,29
2019-11-21,3529,1,4,16,18,30,32,37
2019-11-25,3530,3,6,16,35,38,46,23
2019-11-28,3531,6,30,34,45,46,48,32
2019-12-02,3532,1,14,15,25,34,35,36
2019-12-05,3533,2,9,14,26,30,47,34
2019-12-09,3534,21,22,27,30,39,44,46
2019-12-12,3535,2,22,29,33,36,45,20
2019-12-16,3536,4,10,22,23,40,42,7
2019-12-19,3537,19,21,27,36,40,44,2
2019-12-23,3538,1,15,35,41,42,43,28
2019-12-26,3539,8,16,20,24,25,36,13
2019-12-30,3540,3,12,13,35,36,40,33
2020-01-03,3541,13,15,21,23,30,35,25
2020-01-06,3542,2,7,11,15,26,47,33
2020-01-09,3543,12,24,34,38,46,47,28
2020-01-13,3544,2,3,4,13,16,33,14
2020-01-17,3545,1,11,24,28,45,48,23
2020-01-20,3546,11,18,20,22,27,37,39
2020-01-23,3547,9,14,36,38,40,47,30
2020-01-27,3548,3,32,38,43,46,48,34
2020-01-30,3549,7,20,29,41,47,49,28
2020-02-03,3550,6,9,23,34,42,49,22
2020-02-07,3551,10,15,16,21,24,49,2
2020-02-10,3552,8,12,15,17,32,46,20
2020-02-13,3553,5,7,19,23,44,48,45
2020-02-17,3554,17,19,23,30,42,45,13
2020-02-20,3555,7,19,26,31,34,40,6
2020-02-24,3556,11,24,26,29,42,47,25
2020-02-27,3557,10,32,35,36,46,49,40
2020-03-02,3558,11,37,39,41,42,46,43
2020-03-05,3559,12,14,30,37,38,40,42
2020-03-09,3560,4,11,14,22,29,47,6
2020-03-12,3561,1,3,18,34,36,49,16
2020-03-16,3562,2,15,19,40,47,48,27
2020-03-19,3563,8,19,27,33,37,47,18
2020-03-23,3564,10,30,35,39,42,49,18
2020-03-26,3565,7,12,13,19,42,46,29
2020-03-30,3566,1,7,17,29,30,43,31
2020-04-02,3567,4,11,14,23,28,47,24
2020-06-25,3568,23,37,42,43,47,49,34
2020-06-29,3569,3,9,17,38,39,41,13
2020-07-02,3570,3,20,36,38,43,48,16
2020-07-06,3571,1,22,26,38,39,48,40
2020-07-09,3572,8,10,12,16,21,48,41
2020-07-13,3573,6,22,34,35,37,43,33
2020-07-16,3574,5,18,27,28,29,37,21
2020-07-20,3575,1,20,23,24,40,42,48
2020-07-23,3576,4,12,13,20,35,36,18
2020-07-27,3577,4,19,25,31,34,37,32
2020-07-30,3578,18,24,34,38,43,48,8
2020-08-03,3579,1,3,10,15,32,40,7
2020-08-06,3580,10,28,35,39,41,43,44
2020-08-10,3581,9,19,20,29,36,43,38
2020-08-13,3582,5,9,29,41,42,43,28
2020-08-17,3583,1,2,15,30,35,46,38
2020-08-20,3584,6,15,19,26,30,48,41
2020-08-24,3585,1,19,24,26,37,41,22
2020-08-27,3586,2,10,13,32,41,43,24
2020-08-31,3587,12,15,16,23,25,46,47
2020-09-03,3588,4,16,27,32,44,47,9
2020-09-07,3589,9,11,19,22,36,45,23
2020-09-10,3590,15,21,27,36,39,43,45
2020-09-14,3591,2,11,13,15,28,45,36
2020-09-17,3592,1,3,9,19,36,39,5
2020-09-21,3593,13,16,17,20,27,38,26
2020-09-24,3594,4,31,36,40,45,48,26
2020-09-28,3595,5,16,27,34,41,42,49
2020-10-01,3596,7,10,11,21,26,48,13
2020-10-05,3597,7,10,14,15,39,44,1
2020-10-08,3598,2,3,7,12,21,34,41
2020-10-12,3599,1,10,14,40,41,48,30
2020-10-15,3600,14,27,28,31,46,48,7
2020-10-19,3601,9,10,11,13,20,25,15
2020-10-22,3602,11,25,28,30,34,36,24
2020-10-26,3603,2,8,11,19,41,49,27
2020-10-29,3604,10,12,27,37,39,46,13
2020-11-02,3605,3,36,37,44,48,49,35
2020-11-05,3606,3,19,25,33,40,44,37
2020-11-09,3607,8,12,13,30,37,46,36
2020-11-12,3608,9,11,14,22,26,35,20
2020-11-16,3609,1,2,20,27,36,44,17
2020-11-19,3610,3,12,22,23,34,42,49
2020-11-23,3611,1,7,11,22,30,45,48
2020-11-26,3612,2,5,8,27,35,48,29
2020-11-30,3613,2,3,25,33,35,49,10
2020-12-03,3614,1,7,8,11,36,40,31
2020-12-07,3615,7,13,14,33,37,48,24
2020-12-10,3616,10,17,22,23,27,33,34
2020-12-14,3617,6,21,29,45,47,48,15
2020-12-17,3618,5,8,27,33,35,41,30
2020-12-21,3619,4,8,15,31,36,39,47
2020-12-24,3620,5,11,19,21,22,37,26
2020-12-28,3621,32,34,40,45,46,47,25
2021-01-01,3622,5,8,13,16,35,47,2
2021-01-04,3623,4,5,8,12,27,42,14
2021-01-07,3624,1,7,9,12,32,36,17
2021-01-11,3625,3,5,8,19,26,47,41
2021-01-14,3626,12,21,23,25,32,44,42
2021-01-18,3627,2,12,23,33,35,37,43
2021-01-21,3628,8,11,15,17,19,35,45
2021-01-25,3629,8,9,12,17,33,39,48
2021-01-28,3630,6,16,25,32,35,37,22
2021-02-01,3631,4,6,9,18,27,39,33
2021-02-05,3632,8,9,11,24,26,47,34
2021-02-08,3633,9,10,25,27,34,42,29
2021-02-11,3634,10,23,25,28,46,49,36
2021-02-15,3635,9,13,18,20,34,40,36
2021-02-18,3636,1,4,6,15,40,44,37
2021-02-22,3637,3,6,8,11,36,48,1
2021-02-26,3638,21,24,40,42,44,48,1
2021-03-01,3639,5,6,7,13,25,37,30
2021-03-04,3640,11,12,20,28,30,38,27
2021-03-08,3641,8,13,17,27,33,40,38
2021-03-11,3642,12,19,26,41,46,47,35
2021-03-15,3643,12,15,19,28,35,43,44
2021-03-18,3644,2,5,12,24,25,29,3
2021-03-22,3645,2,12,20,35,37,44,17
2021-03-25,3646,4,16,17,20,22,44,38
2021-03-29,3647,14,15,20,23,30,35,39
2021-04-01,3648,10,11,15,21,29,44,26
2021-04-05,3649,9,11,15,17,25,40,5
2021-04-08,3650,7,8,9,14,28,35,4
2021-04-12,3651,4,23,27,43,48,49,47
2021-04-15,3652,10,14,23,25,35,46,39
2021-04-19,3653,8,10,16,17,20,43,32
2021-04-22,3654,3,17,22,32,38,48,41
2021-04-26,3655,2,15,18,36,42,49,26
2021-04-29,3656,2,19,22,29,36,43,5
2021-05-03,3657,15,17,18,35,41,42,3
2021-05-06,3658,4,6,12,20,31,35,47
2021-05-10,3659,6,18,32,33,34,45,8
2021-05-13,3660,2,4,5,16,39,47,24
2021-05-17,3661,5,6,11,36,41,46,8
2021-05-20,3662,7,12,18,29,32,37,44
2021-05-24,3663,11,18,23,31,32,33,49
2021-05-27,3664,3,7,9,24,36,38,43
2021-05-31,3665,14,15,18,19,30,44,6
2021-06-03,3666,1,7,21,26,30,39,40
2021-06-07,3667,7,14,23,31,39,41,33
2021-06-10,3668,1,9,15,22,24,42,10
2021-06-14,3669,5,16,23,24,28,45,40
2021-06-17,3670,5,12,15,30,38,43,33
2021-06-21,3671,7,8,10,14,17,28,45
2021-06-24,3672,1,12,17,21,24,44,23
2021-06-28,3673,14,31,32,33,38,47,45
2021-07-01,3674,4,5,9,17,31,34,8
2021-07-05,3675,8,14,20,28,29,36,18
2021-07-08,3676,7,9,15,20,23,40,2
2021-07-12,3677,18,19,23,24,38,45,27
2021-07-15,3678,3,5,9,14,23,26,20
2021-07-19,3679,4,10,21,33,42,44,19
2021-07-22,3680,1,21,26,38,44,45,17
2021-07-26,3681,3,8,30,34,39,46,44
2021-07-29,3682,1,7,22,33,40,48,10
2021-08-02,3683,12,16,23,26,33,44,10
2021-08-05,3684,3,17,19,23,32,38,7
2021-08-09,3685,15,24,33,34,36,40,18
2021-08-12,3686,2,20,25,29,32,49,36
2021-08-16,3687,10,21,28,31,37,38,6
2021-08-19,3688,1,3,9,39,40,47,29
2021-08-23,3689,5,17,26,27,31,48,4
2021-08-26,3690,5,18,24,37,38,49,35
2021-08-30,3691,19,23,24,27,36,37,17
2021-09-02,3692,3,4,6,10,19,42,34
2021-09-06,3693,1,15,31,32,33,44,20
2021-09-09,3694,5,19,30,33,37,42,38
2021-09-13,3695,6,25,26,41,42,44,37
2021-09-16,3696,9,10,15,30,38,48,2
2021-09-20,3697,3,6,10,16,33,49,1
2021-09-23,3698,9,35,41,42,43,44,29
2021-09-27,3699,20,28,33,38,40,44,49
2021-09-30,3700,5,8,14,26,30,44,47
2021-10-04,3701,10,14,28,30,35,40,6
2021-10-07,3702,1,27,28,39,40,49,33
2021-10-11,3703,10,26,27,36,37,43,42
2021-10-14,3704,10,15,16,24,45,47,19
2021-10-18,3705,5,23,24,27,44,49,26
2021-10-21,3706,7,22,23,25,42,43,18
2021-10-25,3707,4,18,24,40,43,47,48
2021-10-28,3708,3,20,27,34,35,46,37
2021-11-01,3709,7,15,22,24,26,37,9
2021-11-04,3710,7,18,22,36,44,45,30
2021-11-08,3711,7,8,20,31,35,41,3
2021-11-11,3712,5,7,12,35,48,49,2
2021-11-15,3713,23,27,31,34,43,48,1
2021-11-18,3714,1,10,39,43,45,48,14
2021-11-22,3715,1,3,16,20,35,41,5
2021-11-25,3716,6,20,27,32,40,44,4
2021-11-29,3717,1,7,12,26,28,32,21
2021-12-02,3718,6,12,22,23,40,49,25
2021-12-06,3719,7,16,33,37,42,43,48
2021-12-09,3720,1,17,30,31,42,43,46
2021-12-13,3721,5,18,19,23,40,49,20
2021-12-16,3722,6,26,27,37,40,43,49
2021-12-20,3723,4,5,16,18,24,34,27
2021-12-23,3724,1,21,35,39,44,45,42
2021-12-27,3725,3,9,13,23,24,44,7
2021-12-30,3726,4,7,12,13,21,35,29
2022-01-03,3727,6,12,20,33,46,47,49
2022-01-07,3728,3,8,11,20,44,49,32
2022-01-10,3729,8,11,17,21,30,44,48
2022-01-13,3730,3,6,18,20,26,35,34
2022-01-17,3731,4,13,26,31,33,35,29
2022-01-21,3732,2,4,11,13,28,38,49
2022-01-24,3733,1,8,10,31,32,38,39
2022-01-27,3734,7,21,27,30,32,34,39
2022-01-31,3735,5,6,10,22,23,40,38
2022-02-03,3736,15,28,31,32,44,49,18
2022-02-07,3737,1,11,17,28,32,35,44
2022-02-11,3738,9,13,14,16,18,28,10
2022-02-14,3739,10,23,29,33,37,43,8
2022-02-17,3740,1,4,19,35,37,45,49
2022-02-21,3741,1,19,22,27,37,44,25
2022-02-24,3742,4,11,15,25,41,48,14
2022-02-28,3743,1,9,20,27,37,49,33
2022-03-03,3744,8,13,24,30,40,44,45
2022-03-07,3745,19,22,24,28,29,42,40
2022-03-10,3746,1,8,25,32,45,46,44
2022-03-14,3747,19,37,38,45,47,49,25
2022-03-17,3748,5,7,30,42,47,49,17
2022-03-21,3749,1,20,22,23,24,31,2
2022-03-24,3750,3,12,15,22,34,45,2
2022-03-28,3751,5,9,10,12,39,44,14
2022-03-31,3752,1,4,10,22,24,45,47
2022-04-04,3753,14,15,28,31,40,42,44
2022-04-07,3754,1,7,10,28,31,44,9
2022-04-11,3755,2,12,18,27,36,49,6
2022-04-14,3756,4,6,23,26,29,30,36
2022-04-18,3757,12,20,33,39,42,48,49
2022-04-21,3758,13,16,19,32,38,43,20
2022-04-25,3759,6,16,26,32,39,47,23
2022-04-28,3760,5,6,11,16,22,37,44
2022-05-02,3761,12,14,23,32,35,38,13
2022-05-05,3762,7,13,35,39,41,45,1
2022-05-09,3763,5,12,15,21,30,39,6
2022-05-12,3764,15,20,36,38,41,46,10
2022-05-16,3765,21,22,40,41,42,46,9
2022-05-19,3766,5,8,13,20,21,46,31
2022-05-23,3767,7,10,16,21,27,35,22
2022-05-26,3768,6,11,30,34,43,45,2
2022-05-30,3769,8,13,19,34,37,47,29
2022-06-02,3770,12,19,26,28,46,49,41
2022-06-06,3771,12,28,29,34,41,47,16
2022-06-09,3772,7,14,15,16,17,38,44
2022-06-13,3773,3,5,12,16,30,45,49
2022-06-16,3774,2,7,16,18,24,45,36
2022-06-20,3775,20,25,28,33,40,49,1
2022-06-23,3776,24,27,32,38,46,49,11
2022-06-27,3777,21,24,27,32,34,38,41
2022-06-30,3778,2,15,17,27,41,48,38
2022-07-04,3779,2,3,9,27,28,38,15
2022-07-07,3780,16,17,20,33,39,49,7
2022-07-11,3781,1,6,13,25,34,43,42
2022-07-14,3782,8,10,15,36,39,44,9
2022-07-18,3783,3,20,36,41,43,47,9
2022-07-21,3784,4,15,31,42,43,47,39
2022-07-25,3785,2,6,29,30,31,44,40
2022-07-28,3786,1,2,25,33,36,40,7
2022-08-01,3787,3,10,12,29,45,47,26
2022-08-05,3788,14,18,24,37,43,45,8
2022-08-08,3789,2,9,33,34,37,49,29
2022-08-11,3790,10,12,16,18,32,44,22
2022-08-15,3791,7,22,29,34,38,41,35
2022-08-18,3792,2,4,12,18,28,43,38
2022-08-22,3793,5,20,23,36,42,44,47
2022-08-25,3794,3,5,13,23,24,48,10
2022-08-29,3795,4,8,9,15,22,31,13
2022-09-01,3796,1,18,28,42,43,48,45
2022-09-05,3797,4,9,13,18,34,47,3
2022-09-08,3798,1,8,11,12,22,46,35
2022-09-12,3799,8,15,21,22,39,43,44
2022-09-15,3800,13,15,27,29,38,45,40
2022-09-19,3801,1,5,14,23,40,45,16
2022-09-22,3802,3,11,19,26,43,49,37
2022-09-26,3803,6,19,24,34,43,46,21
2022-09-29,3804,27,29,31,44,46,49,42
2022-10-03,3805,7,16,20,29,33,42,39
2022-10-06,3806,10,19,20,22,26,46,4
2022-10-10,3807,8,10,18,26,42,47,49
2022-10-13,3808,2,4,8,17,22,40,6
2022-10-17,3809,1,8,16,24,38,43,15
2022-10-20,3810,2,9,19,27,33,37,21
2022-10-24,3811,7,11,17,21,41,43,30
2022-10-27,3812,13,16,25,41,45,46,20
2022-10-31,3813,4,14,17,25,29,49,36
2022-11-03,3814,13,21,24,25,26,41,11
2022-11-07,3815,10,14,33,37,39,45,28
2022-11-10,3816,10,23,28,35,39,46,6
2022-11-14,3817,8,15,22,26,34,45,32
2022-11-17,3818,1,10,16,23,38,49,25
2022-11-21,3819,3,9,21,30,36,46,2
2022-11-24,3820,3,8,11,21,24,31,25
2022-11-28,3821,7,16,17,28,37,48,14
2022-12-01,3822,3,12,20,39,40,47,18
2022-12-05,3823,5,6,7,25,28,35,8
2022-12-08,3824,1,6,21,35,37,46,33
2022-12-12,3825,3,7,22,27,44,49,13
2022-12-15,3826,4,12,17,19,24,44,20
2022-12-19,3827,8,14,24,26,45,46,42
2022-12-22,3828,4,11,13,16,32,46,9
2022-12-26,3829,3,10,31,32,44,47,41
2022-12-29,3830,12,18,25,28,30,36,48
2023-01-02,3831,1,13,15,32,41,47,11
2023-01-06,3832,12,22,30,32,42,49,8
2023-01-09,3833,1,3,13,15,22,43,46
2023-01-12,3834,2,6,8,28,31,37,48
2023-01-16,3835,15,22,23,36,40,42,20
2023-01-20,3836,15,29,35,47,48,49,10
2023-01-23,3837,22,30,31,39,43,49,3
2023-01-26,3838,2,21,34,40,43,45,13
2023-01-30,3839,13,23,25,26,44,45,38
2023-02-03,3840,4,6,21,25,34,40,48
2023-02-06,3841,6,10,15,19,20,30,5
2023-02-09,3842,18,20,27,37,43,47,10
2023-02-13,3843,5,12,23,28,31,39,37
2023-02-16,3844,3,10,16,24,42,46,25
2023-02-20,3845,4,9,21,22,25,41,18
2023-02-23,3846,2,5,19,24,34,44,37
2023-02-27,3847,6,26,32,39,44,48,11
2023-03-02,3848,15,22,24,26,29,36,28
2023-03-06,3849,21,30,35,36,37,45,1
2023-03-09,3850,1,10,30,31,38,45,11
2023-03-13,3851,1,3,15,18,23,48,41
2023-03-16,3852,4,14,30,33,37,42,22
2023-03-20,3853,7,8,15,27,34,38,37
2023-03-23,3854,14,21,26,29,37,40,7
2023-03-27,3855,1,4,17,28,43,45,29
2023-03-30,3856,12,26,34,39,41,49,16
2023-04-03,3857,13,27,28,42,44,45,1
2023-04-06,3858,6,7,31,42,46,47,27
2023-04-10,3859,8,10,12,25,32,38,20
2023-04-13,3860,11,21,30,31,33,38,24
2023-04-17,3861,9,11,17,22,31,43,34
2023-04-20,3862,11,14,21,30,37,40,20
2023-04-24,3863,5,6,25,32,36,49,21
2023-04-27,3864,4,9,30,32,40,49,16
2023-05-01,3865,22,26,29,30,48,49,46
2023-05-04,3866,16,21,25,28,37,44,24
2023-05-08,3867,1,3,6,11,23,34,39
2023-05-11,3868,1,11,26,38,41,44,6
2023-05-15,3869,7,33,36,40,41,42,30
2023-05-18,3870,7,13,18,19,25,29,36
2023-05-22,3871,1,4,7,8,34,44,12
2023-05-25,3872,4,15,17,35,42,48,45
2023-05-29,3873,5,13,30,34,36,48,20
2023-06-01,3874,7,15,33,40,45,49,5
2023-06-05,3875,5,16,26,28,32,34,24
2023-06-08,3876,6,21,31,32,35,48,19
2023-06-12,3877,2,22,28,33,34,36,7
2023-06-15,3878,6,15,17,42,46,49,20
2023-06-19,3879,2,25,28,30,32,46,48
2023-06-22,3880,3,9,28,32,37,46,7
2023-06-26,3881,4,5,17,28,39,44,31
2023-06-29,3882,5,15,16,30,37,46,49
2023-07-03,3883,14,30,34,40,45,49,12
2023-07-06,3884,13,16,28,34,38,40,47
2023-07-10,3885,2,8,30,33,39,41,24
2023-07-13,3886,4,12,14,20,21,22,10
2023-07-17,3887,18,25,27,32,35,39,48
2023-07-20,3888,10,20,26,39,44,46,3
2023-07-24,3889,1,5,18,20,38,44,45
2023-07-27,3890,8,10,21,27,34,36,2
2023-07-31,3891,2,23,29,35,39,45,6
2023-08-04,3892,19,25,27,28,29,48,34
2023-08-07,3893,5,15,18,31,41,49,16
2023-08-10,3894,3,6,16,29,37,45,12
2023-08-14,3895,5,22,31,32,41,49,14
2023-08-17,3896,4,8,32,33,45,47,12
2023-08-21,3897,1,18,21,28,31,41,11
2023-08-24,3898,1,13,26,34,37,41,9
2023-08-28,3899,1,3,7,12,15,32,34
2023-08-31,3900,14,29,31,39,40,48,47
2023-09-04,3901,1,4,12,33,45,48,35
2023-09-07,3902,17,19,24,26,31,46,37
2023-09-11,3903,1,20,21,27,38,48,17
2023-09-14,3904,14,18,24,26,37,45,28
2023-09-18,3905,4,7,27,32,37,49,44
2023-09-21,3906,2,8,28,31,48,49,37
2023-09-25,3907,3,14,19,23,28,43,25
2023-09-28,3908,3,13,23,28,37,38,9
2023-10-02,3909,2,10,12,13,45,48,11
2023-10-05,3910,4,7,9,38,41,42,16
2023-10-09,3911,1,5,9,25,44,49,43
2023-10-12,3912,14,15,26,35,44,46,43
2023-10-16,3913,21,27,30,38,40,44,6
2023-10-19,3914,1,7,16,20,35,41,6
2023-10-23,3915,2,3,13,15,34,37,8
2023-10-26,3916,1,6,17,19,34,45,48
2023-10-30,3917,12,24,26,32,34,38,28
2023-11-02,3918,3,12,22,29,35,42,49
2023-11-06,3919,11,20,22,28,32,37,4
2023-11-09,3920,2,3,11,17,35,40,45
2023-11-13,3921,6,10,16,24,27,43,31
2023-11-16,3922,10,13,15,28,29,37,22
2023-11-20,3923,12,13,18,22,25,28,47
2023-11-23,3924,2,24,30,37,43,45,35
2023-11-27,3925,16,19,20,26,33,40,23
2023-11-30,3926,3,32,34,38,41,42,17
2023-12-04,3927,6,18,26,31,37,38,22
2023-12-07,3928,10,16,25,29,42,44,48
2023-12-11,3929,9,12,21,22,44,47,31
2023-12-14,3930,22,32,34,39,40,42,5
2023-12-18,3931,12,15,16,23,24,38,44
2023-12-21,3932,7,8,24,25,29,40,18
2023-12-25,3933,11,12,19,23,25,41,47
2023-12-28,3934,13,17,18,24,37,41,15
2024-01-01,3935,8,16,23,24,36,48,5
2024-01-05,3936,7,12,17,20,31,35,22
2024-01-08,3937,11,20,28,30,36,38,37
2024-01-11,3938,2,9,10,43,45,46,13
2024-01-15,3939,24,25,26,28,30,35,4
2024-01-18,3940,5,28,30,37,38,41,43
2024-01-22,3941,1,3,8,13,40,48,6
2024-01-25,3942,10,18,44,45,48,49,20
2024-01-29,3943,20,22,24,28,40,49,27
2024-02-02,3944,2,27,29,36,44,48,12
2024-02-05,3945,14,17,20,25,28,37,13
2024-02-08,3946,6,16,21,27,31,37,49
2024-02-12,3947,9,16,20,25,31,39,41
2024-02-15,3948,15,18,22,35,41,48,5
2024-02-19,3949,1,10,21,29,35,42,27
2024-02-23,3950,18,21,26,35,38,43,40
2024-02-26,3951,2,8,14,27,39,42,10
2024-02-29,3952,1,14,28,44,45,49,16
2024-03-04,3953,13,17,25,27,28,44,3
2024-03-07,3954,5,11,15,20,31,47,44
2024-03-11,3955,5,9,30,37,40,49,33
2024-03-14,3956,8,26,34,35,45,46,36
2024-03-18,3957,1,4,6,15,30,48,45
2024-03-21,3958,6,8,18,19,33,44,15
2024-03-25,3959,4,23,25,27,28,32,21
2024-03-28,3960,6,8,13,17,26,37,18
2024-04-01,3961,3,12,18,19,27,41,15
2024-04-04,3962,3,4,13,31,36,43,19
2024-04-08,3963,12,23,24,34,43,46,42
2024-04-11,3964,22,28,33,40,43,47,16
2024-04-15,3965,5,10,28,36,41,42,19
2024-04-18,3966,18,22,29,32,37,47,49
2024-04-22,3967,6,8,11,16,33,37,23
2024-04-25,3968,5,9,11,18,28,36,35
2024-04-29,3969,2,7,12,31,36,45,30
2024-05-02,3970,4,5,31,37,43,46,7
2024-05-06,3971,1,5,9,31,33,37,36
2024-05-09,3972,9,15,20,26,43,49,36
2024-05-13,3973,2,16,17,22,24,49,42
2024-05-16,3974,2,12,15,28,35,48,24
2024-05-20,3975,7,10,32,33,39,48,37
2024-05-23,3976,3,4,22,27,39,43,6
2024-05-27,3977,14,23,28,34,41,48,17
2024-05-30,3978,6,9,11,17,28,45,21
2024-06-03,3979,1,28,30,32,33,39,11
2024-06-06,3980,4,5,10,14,35,43,12
2024-06-10,3981,1,10,13,23,31,34,43
2024-06-13,3982,4,7,10,17,30,41,21
2024-06-17,3983,8,10,12,16,17,30,19
2024-06-20,3984,3,12,14,16,17,30,27
2024-06-24,3985,20,23,28,30,34,49,25
2024-06-27,3986,1,8,11,14,17,30,5
2024-07-01,3987,11,19,21,26,28,33,39
2024-07-04,3988,4,9,12,15,31,44,33
2024-07-08,3989,15,18,29,34,38,44,35
2024-07-11,3990,15,17,22,32,34,40,6
2024-07-15,3991,4,6,17,32,37,41,10
2024-07-18,3992,8,10,11,12,14,20,38
2024-07-22,3993,4,9,12,15,37,47,44
2024-07-25,3994,14,21,34,35,43,49,33
2024-07-29,3995,19,24,29,30,31,46,28
2024-08-02,3996,14,16,22,23,36,42,21
2024-08-05,3997,1,12,15,30,42,43,22
2024-08-08,3998,23,26,32,36,41,49,31
2024-08-12,3999,2,8,27,33,34,43,11
2024-08-15,4000,15,24,35,36,42,46,48
2024-08-19,4001,2,3,16,26,29,41,12
2024-08-22,4002,2,5,8,43,45,48,41
2024-08-26,4003,6,8,18,34,35,37,33
2024-08-29,4004,3,9,10,12,27,41,29
2024-09-02,4005,6,7,13,30,37,39,16
2024-09-05,4006,1,13,27,38,40,43,2
2024-09-09,4007,1,4,10,16,18,29,6
2024-09-12,4008,5,6,14,36,45,49,12
2024-09-16,4009,2,8,15,19,33,38,21
2024-09-19,4010,7,13,17,22,31,37,1
2024-09-23,4011,9,20,22,32,37,47,1
2024-09-26,4012,17,23,26,31,38,40,14
2024-09-30,4013,4,33,34,38,40,43,15
2024-10-03,4014,2,9,15,17,40,48,28
2024-10-07,4015,16,22,23,31,41,49,8
2024-10-10,4016,1,17,24,25,27,39,30
2024-10-14,4017,12,33,39,42,43,48,10
2024-10-17,4018,2,4,10,25,36,38,22
2024-10-21,4019,4,13,19,44,46,49,31
2024-10-24,4020,20,24,28,37,46,47,36
2024-10-28,4021,10,16,33,37,45,47,6
2024-10-31,4022,2,6,10,17,18,49,35
2024-11-04,4023,14,18,25,28,29,44,36
2024-11-07,4024,4,12,17,18,23,34,28
2024-11-11,4025,13,28,39,43,46,48,30
2024-11-14,4026,12,16,29,36,39,40,37
2024-11-18,4027,1,2,14,36,44,46,20
2024-11-21,4028,4,7,11,14,21,28,36
2024-11-25,4029,26,28,31,38,41,42,23
2024-11-28,4030,1,2,4,15,18,24,35
2024-12-02,4031,10,11,12,21,41,49,44
2024-12-05,4032,8,14,15,20,31,49,13
2024-12-09,4033,1,4,8,10,16,46,23
2024-12-12,4034,17,18,19,31,32,33,8
2024-12-16,4035,13,19,22,26,40,49,45
2024-12-19,4036,3,9,10,20,23,32,42
2024-12-23,4037,34,40,42,44,45,46,19
2024-12-26,4038,8,21,30,35,44,49,39
2024-12-30,4039,3,10,13,29,32,46,18
2025-01-03,4040,9,11,24,29,39,46,31
2025-01-06,4041,6,10,13,27,41,49,4
2025-01-09,4042,13,32,34,36,38,40,37
2025-01-13,4043,3,7,11,13,34,35,17
2025-01-16,4044,6,13,18,27,35,46,48
2025-01-20,4045,3,5,6,16,32,49,4
2025-01-24,4046,9,10,18,35,43,49,42
2025-01-27,4047,7,16,22,26,33,43,44
2025-01-30,4048,2,9,13,24,26,43,49
2025-02-03,4049,1,12,29,31,41,48,25
2025-02-07,4050,16,18,22,23,28,35,32
2025-02-10,4051,1,3,7,18,34,39,46
2025-02-13,4052,5,8,13,28,30,49,17
2025-02-17,4053,1,16,23,39,41,42,9
2025-02-20,4054,3,25,31,37,39,42,21
2025-02-24,4055,24,37,38,42,48,49,31
2025-02-27,4056,2,10,13,15,37,40,28
2025-03-03,4057,4,16,24,25,43,49,46
2025-03-06,4058,19,33,35,38,46,49,39
2025-03-10,4059,5,7,32,38,42,47,27
2025-03-13,4060,16,26,34,36,42,49,41
2025-03-17,4061,7,30,39,42,43,48,33
2025-03-20,4062,9,10,11,13,23,42,20
2025-03-24,4063,18,19,25,28,31,44,34
2025-03-27,4064,21,22,27,35,40,42,3
2025-03-31,4065,9,12,17,23,29,46,20
2025-04-03,4066,12,14,15,16,21,40,23
2025-04-07,4067,7,19,35,40,43,47,33
2025-04-10,4068,14,26,27,30,46,48,10
2025-04-14,4069,6,14,29,30,35,42,25
2025-04-17,4070,15,17,26,31,40,46,19
2025-04-21,4071,1,17,30,37,41,43,32
2025-04-24,4072,17,19,21,23,30,40,33
2025-04-28,4073,3,8,12,18,24,41,11
2025-05-01,4074,2,8,12,30,35,49,38
2025-05-05,4075,5,8,28,38,40,43,39
2025-05-08,4076,9,13,17,39,46,47,22
2025-05-12,4077,6,16,20,23,40,48,45
2025-05-15,4078,9,16,17,20,34,38,18
2025-05-19,4079,2,15,17,18,39,45,26
2025-05-22,4080,3,10,32,34,44,48,29
2025-05-26,4081,5,9,15,28,46,48,8
2025-05-29,4082,1,5,7,11,19,47,44
2025-06-02,4083,10,19,21,22,28,31,34
2025-06-05,4084,2,5,25,26,29,30,42
2025-06-09,4085,7,10,11,21,32,48,27
2025-06-12,4086,3,7,38,41,44,49,20
2025-06-16,4087,5,18,27,32,48,49,21
2025-06-19,4088,1,10,37,40,45,47,19
2025-06-23,4089,2,15,29,37,45,49,24
2025-06-26,4090,10,26,28,35,37,46,20
2025-06-30,4091,11,27,31,33,34,36,13
2025-07-03,4092,6,15,16,17,25,34,31
2025-07-07,4093,10,15,17,33,36,45,34
2025-07-10,4094,12,21,26,27,35,44,10
2025-07-14,4095,2,8,19,29,38,41,20
2025-07-17,4096,7,8,17,29,32,42,1
2025-07-21,4097,2,5,10,12,14,37,17
2025-07-24,4098,9,11,24,32,39,49,26
2025-07-28,4099,2,14,16,21,36,47,1
2025-07-31,4100,7,19,20,21,22,29,37
2025-08-04,4101,30,32,40,43,45,49,5
2025-08-08,4102,2,15,28,39,42,44,5
2025-08-11,4103,9,24,31,34,43,44,1
2025-08-14,4104,22,25,29,31,34,43,11
2025-08-18,4105,1,4,18,24,37,42,26
2025-08-21,4106,4,13,22,36,38,46,12
2025-08-25,4107,2,3,4,16,22,39,48
2025-08-28,4108,10,11,16,24,34,35,1
2025-09-01,4109,3,4,8,13,14,17,20
2025-09-04,4110,8,12,21,38,40,43,25
2025-09-08,4111,1,3,33,38,39,42,31
2025-09-11,4112,2,15,19,35,41,48,33
2025-09-15,4113,10,19,25,29,33,37,24
2025-09-18,4114,6,8,9,20,45,49,21
2025-09-22,4115,8,15,22,24,43,47,44
2025-09-25,4116,1,6,9,11,29,36,12
2025-09-29,4117,15,16,22,34,35,43,26
2025-10-02,4118,19,22,26,37,40,46,14
2025-10-06,4119,10,15,22,31,42,48,4
2025-10-09,4120,13,14,19,22,31,42,41
2025-10-13,4121,5,31,33,34,38,46,39
2025-10-16,4122,2,4,8,19,35,39,7
2025-10-20,4123,3,10,13,15,32,37,8
2025-10-23,4124,7,14,17,18,31,38,46
2025-10-27,4125,4,12,14,24,36,38,17
2025-10-30,4126,1,5,31,34,38,45,21
2025-11-03,4127,10,19,22,34,39,43,35
2025-11-06,4128,3,20,24,29,32,44,46
2025-11-10,4129,2,11,12,19,25,36,16
2025-11-13,4130,6,13,18,22,34,35,40
2025-11-17,4131,3,9,12,18,19,34,24
2025-11-20,4132,11,13,22,31,47,49,39
2025-11-24,4133,8,25,27,34,45,47,19
2025-11-27,4134,6,8,17,28,32,46,16
2025-12-01,4135,2,10,24,35,45,49,37
2025-12-04,4136,1,5,24,36,41,46,39
2025-12-08,4137,9,12,15,23,27,47,45
2025-12-11,4138,6,11,20,28,33,43,16
2025-12-15,4139,17,21,22,35,37,42,9
2025-12-18,4140,2,14,15,30,31,43,27
2025-12-22,4141,4,5,13,22,24,30,36
2025-12-25,4142,3,8,15,28,37,43,49
2025-12-29,4143,2,4,22,24,30,33,49
2026-01-02,4144,11,18,20,32,38,39,34
2026-01-05,4145,5,20,35,39,40,49,27
2026-01-08,4146,3,14,15,17,25,27,31
2026-01-12,4147,1,9,16,18,35,43,12
2026-01-15,4148,16,32,34,35,36,41,14
2026-01-19,4149,4,11,21,23,31,35,48
2026-01-22,4150,6,22,27,32,37,44,19
2026-01-26,4151,10,11,13,26,32,39,44
2026-01-29,4152,11,13,16,31,42,48,21
2026-02-02,4153,4,19,40,41,46,47,20
2026-02-05,4154,6,18,24,26,36,48,5
2026-02-09,4155,10,15,29,31,33,49,30
2026-02-13,4156,10,15,25,43,45,49,4
2026-02-16,4157,13,24,28,34,37,44,29
2026-02-19,4158,8,16,17,34,38,48,25
2026-02-23,4159,24,26,30,32,37,47,2
2026-02-27,4160,5,9,20,23,45,46,7
2026-03-02,4161,6,8,28,37,41,49,40
2026-03-05,4162,1,5,12,15,22,42,37
2026-03-09,4163,7,13,14,17,40,44,35
2026-03-12,4164,12,25,33,40,43,46,21
2026-03-16,4165,6,14,18,22,35,36,13
2026-03-19,4166,3,27,34,35,38,49,17
2026-03-23,4167,4,25,28,33,43,48,31
2026-03-26,4168,4,7,22,29,33,46,48
2026-03-30,4169,4,12,26,30,46,47,6
2026-04-02,4170,1,7,8,23,30,33,21
2026-04-06,4171,14,23,29,30,39,48,12
2026-04-09,4172,1,2,6,9,44,48,24
2026-04-13,4173,4,8,10,15,16,26,17
2026-04-16,4174,1,3,6,12,21,41,18
2026-04-20,4175,3,5,9,23,43,49,8
2026-04-23,4176,3,5,15,23,37,42,48
2026-04-27,4177,3,11,13,22,28,48,21
2026-04-30,4178,2,6,7,31,35,39,15
2026-05-04,1,7,18,19,30,36,48,11
2026-05-04,2,7,18,19,30,36,48,11
2026-05-04,3,7,18,19,30,36,48,11
2026-05-04,4,7,18,19,30,36,48,11
2026-05-04,5,7,18,19,30,36,48,11
2026-05-04,6,7,18,19,30,36,48,11
2026-05-04,7,7,18,19,30,36,48,11
2026-05-04,8,7,18,19,30,36,48,11
2026-05-04,9,7,18,19,30,36,48,11
2026-05-04,10,7,18,19,30,36,48,11
2026-05-04,11,7,18,19,30,36,48,11
2026-05-04,12,7,18,19,30,36,48,11
2026-05-04,13,7,18,19,30,36,48,11
2026-05-04,14,7,18,19,30,36,48,11
2026-05-04,15,7,18,19,30,36,48,11
2026-05-04,16,7,18,19,30,36,48,11
2026-05-04,17,7,18,19,30,36,48,11
2026-05-04,18,7,18,19,30,36,48,11
2026-05-04,19,7,18,19,30,36,48,11
2026-05-04,20,7,18,19,30,36,48,11
2026-05-04,21,7,18,19,30,36,48,11
2026-05-04,22,7,18,19,30,36,48,11
2026-05-04,23,7,18,19,30,36,48,11
2026-05-04,24,7,18,19,30,36,48,11
2026-05-04,25,7,18,19,30,36,48,11
2026-05-04,26,7,18,19,30,36,48,11
2026-05-04,27,7,18,19,30,36,48,11
2026-05-04,28,7,18,19,30,36,48,11
2026-05-04,29,7,18,19,30,36,48,11
2026-05-04,30,7,18,19,30,36,48,11
2026-05-04,31,7,18,19,30,36,48,11
2026-05-04,32,7,18,19,30,36,48,11
2026-05-04,33,7,18,19,30,36,48,11
2026-05-04,34,7,18,19,30,36,48,11
2026-05-04,35,7,18,19,30,36,48,11
2026-05-04,36,7,18,19,30,36,48,11
2026-05-04,37,7,18,19,30,36,48,11
2026-05-04,38,7,18,19,30,36,48,11
2026-05-04,39,7,18,19,30,36,48,11
2026-05-04,1000,7,18,19,30,36,48,11